hidden_channels,num_layers,dropout,learning_rate,weight_decay,epoch,train_loss,val_loss,train_auc,val_auc
64,2,0.1,0.01,1e-05,1,0.5247022394093175,0.7502647042274475,0.5075831211910823,0.5149456521739131
64,2,0.1,0.01,1e-05,10,0.4240955202803153,0.8396327495574951,0.7173519504229988,0.8534549689440993
64,2,0.1,0.01,1e-06,1,0.5446070919257596,0.8049644231796265,0.508799403430276,0.45438664596273287
64,2,0.1,0.01,1e-06,10,0.4420889960995925,0.7894263863563538,0.6754827843349018,0.8481172360248447
64,2,0.1,0.01,1e-07,1,0.5084352568568516,0.7826399207115173,0.5127285350613284,0.6618788819875776
64,2,0.1,0.01,1e-07,10,0.436319504611555,0.8478760719299316,0.7007662835249042,0.8570458074534162
64,2,0.1,0.001,1e-05,1,0.6723895408053255,0.7013352513313293,0.4923911645966726,0.2406832298136646
64,2,0.1,0.001,1e-05,10,0.46687961158249586,0.8705305457115173,0.535153899560287,0.7301048136645962
64,2,0.1,0.001,1e-05,20,0.4467006997416021,0.8161831498146057,0.7019697086579753,0.8636451863354038
64,2,0.1,0.001,1e-06,1,0.6299552177812774,0.7428352236747742,0.4902568849803286,0.3891692546583851
64,2,0.1,0.001,1e-06,10,0.46388166569113953,0.870011568069458,0.5775270642083881,0.7640722049689441
64,2,0.1,0.001,1e-06,20,0.4445494949488754,0.7805616855621338,0.6967702949420145,0.8471467391304347
64,2,0.1,0.001,1e-06,30,0.4150348914904802,0.6842732429504395,0.7348864717529379,0.8705357142857142
64,2,0.1,0.001,1e-06,40,0.39791118786204893,0.6183609962463379,0.7686338039034175,0.8760675465838509
64,2,0.1,0.001,1e-06,50,0.3922446434443747,0.626238226890564,0.7812131965337242,0.8778144409937888
64,2,0.1,0.001,1e-06,60,0.3910736142858123,0.5617297291755676,0.7760857826120497,0.8806288819875776
64,2,0.1,0.001,1e-06,70,0.3824940843862818,0.5952199101448059,0.7868780374913215,0.8810170807453416
64,2,0.1,0.001,1e-06,80,0.37690294667813473,0.5335597991943359,0.7955128699632287,0.8872282608695653
64,2,0.1,0.001,1e-07,1,0.5803749001808213,0.773401141166687,0.4912185965182957,0.3425854037267081
64,2,0.1,0.001,1e-07,10,0.46471517459517386,0.8298271298408508,0.5643986731466482,0.8629658385093169
64,2,0.1,0.001,1e-07,20,0.4455273860367729,0.8208740949630737,0.6818341947594435,0.8654891304347826
64,2,0.1,0.001,1e-07,30,0.4183692597926284,0.6737052202224731,0.7367301807709121,0.8665566770186335
64,2,0.1,0.001,1e-07,40,0.39702433408001025,0.6532094478607178,0.7707140836740467,0.8726708074534161
64,2,0.1,0.001,1e-07,50,0.3958822812206682,0.5990766286849976,0.7706009411401682,0.8804347826086956
64,2,0.1,0.001,1e-07,60,0.38542839760505515,0.5567553639411926,0.7839491887166037,0.8824728260869564
64,2,0.1,0.0001,1e-05,1,0.7181653962918837,0.6958009600639343,0.4869886086039754,0.296777950310559
64,2,0.1,0.0001,1e-05,10,0.538255527478504,0.7191096544265747,0.5027887063179819,0.38538431677018636
64,2,0.1,0.0001,1e-06,1,0.7731697653276945,0.7064169049263,0.5100825426213068,0.6223796583850931
64,2,0.1,0.0001,1e-06,10,0.6346721690465599,0.6888574361801147,0.482551621281082,0.44429347826086957
64,2,0.1,0.0001,1e-07,1,0.6547521788747964,0.6889042854309082,0.4782123479647201,0.4031444099378882
64,2,0.1,0.0001,1e-07,10,0.4933840097056657,0.7790606617927551,0.47605235413613106,0.4128493788819876
64,2,0.1,0.0001,1e-07,20,0.4713392553703687,0.8792372941970825,0.4919771657795264,0.47874611801242234
64,2,0.1,0.0001,1e-07,30,0.469896923063139,0.8776935338973999,0.5048021291367739,0.5706521739130435
64,2,0.1,0.0001,1e-07,40,0.4680985901927305,0.8825494647026062,0.5336110468255805,0.6669254658385093
64,2,0.1,0.0001,1e-07,50,0.4689909291917893,0.8734762668609619,0.5197150865283242,0.7483501552795031
64,2,0.1,0.0001,1e-07,60,0.46563102236413867,0.8669215440750122,0.5510838540461314,0.8313276397515528
64,2,0.1,0.0001,1e-07,70,0.46065769165955317,0.8591372966766357,0.5982000051428424,0.8608307453416149
64,2,0.1,0.0001,1e-07,80,0.46188493347986576,0.8538263440132141,0.6021445653012419,0.8684006211180124
64,3,0.1,0.01,1e-05,1,0.5324454234466459,0.782935619354248,0.48841060454112994,0.47292313664596275
64,3,0.1,0.01,1e-05,10,0.43758983571130317,0.6587154269218445,0.6844197588006891,0.8384122670807453
64,3,0.1,0.01,1e-06,1,0.5386512362101852,0.7486564517021179,0.4933271619223945,0.5438664596273292
64,3,0.1,0.01,1e-06,10,0.4368979012871139,0.7940850257873535,0.697482578621204,0.8616071428571428
64,3,0.1,0.01,1e-07,1,0.5257137314188634,0.8962364196777344,0.503936845894726,0.6288819875776397
64,3,0.1,0.01,1e-07,10,0.43505919176986946,0.6689493656158447,0.7013757103551133,0.8492818322981366
64,3,0.1,0.001,1e-05,1,0.5947424560365028,0.7560569643974304,0.49781943480161484,0.3298718944099379
64,3,0.1,0.001,1e-05,10,0.4678001874688942,0.8918776512145996,0.526812209107974,0.6567352484472049
64,3,0.1,0.001,1e-05,20,0.45495910062737294,0.8241244554519653,0.6444753014991385,0.8703416149068323
64,3,0.1,0.001,1e-05,30,0.42018867205944915,0.6427298188209534,0.7267170665226671,0.8652950310559007
64,3,0.1,0.001,1e-06,1,0.7432923719679776,0.6870031952857971,0.5003702846563295,0.734375
64,3,0.1,0.001,1e-06,10,0.4659070115305762,0.8395488858222961,0.5573439790172028,0.8684006211180125
64,3,0.1,0.001,1e-06,20,0.44487194942594815,0.8151711225509644,0.6963922960220114,0.8592779503105589
64,3,0.1,0.001,1e-07,1,0.636575055480515,0.7201966643333435,0.4828460490112886,0.4815605590062112
64,3,0.1,0.001,1e-07,10,0.46157050542053746,0.8621383309364319,0.5969322944791586,0.873641304347826
64,3,0.1,0.001,1e-07,20,0.4302939851177316,0.7320984601974487,0.7265974954357275,0.8569487577639752
64,3,0.1,0.0001,1e-05,1,0.6686821093886707,0.6911280155181885,0.4976625781069197,0.32366071428571425
64,3,0.1,0.0001,1e-05,10,0.5164061826770836,0.7427371144294739,0.4729537915605956,0.36859472049689446
64,3,0.1,0.0001,1e-05,20,0.46934130420573716,0.8873279094696045,0.5128043919874514,0.4308035714285714
64,3,0.1,0.0001,1e-05,30,0.4672086981817815,0.8673960566520691,0.5207732263622104,0.6012228260869565
64,3,0.1,0.0001,1e-05,40,0.46838431315214485,0.8660534620285034,0.5158399547429864,0.7359277950310559
64,3,0.1,0.0001,1e-05,50,0.4620997839585029,0.8462762832641602,0.5918743089305458,0.8042507763975155
64,3,0.1,0.0001,1e-05,60,0.4572418863461984,0.8473216891288757,0.6320874797500579,0.8272515527950312
64,3,0.1,0.0001,1e-05,70,0.45025531150021486,0.8192512392997742,0.6804186273753503,0.8400621118012422
64,3,0.1,0.0001,1e-05,80,0.4416661847595201,0.7874302864074707,0.7074725500784282,0.8485054347826086
64,3,0.1,0.0001,1e-06,1,0.6428980012381464,0.6882836818695068,0.4838296176296639,0.5006793478260869
64,3,0.1,0.0001,1e-06,10,0.4923535123476582,0.7785929441452026,0.47851448995860013,0.4301242236024845
64,3,0.1,0.0001,1e-07,1,0.6802427183624281,0.6918256878852844,0.48481318624803926,0.26882763975155277
64,3,0.1,0.0001,1e-07,10,0.5197873053047863,0.7421636581420898,0.47495692869448947,0.31327639751552794
64,3,0.1,0.0001,1e-07,20,0.46890132183096,0.8892592787742615,0.5076204067988377,0.437791149068323
64,3,0.1,0.0001,1e-07,30,0.4711436142883441,0.8840492367744446,0.4785312041965594,0.600689052795031
64,3,0.1,0.0001,1e-07,40,0.46588146777916073,0.8741358518600464,0.5475944354444702,0.7905667701863354
64,3,0.1,0.0001,1e-07,50,0.4620221649884154,0.8662861585617065,0.604289130602484,0.8402562111801242
64,3,0.1,0.0001,1e-07,60,0.4623414850688141,0.8580474853515625,0.5905628841060454,0.8462732919254659
64,3,0.1,0.0001,1e-07,70,0.45475628473216373,0.8318260908126831,0.660520969940086,0.8462732919254659
64,4,0.1,0.01,1e-05,1,0.5364092400584172,0.7451860308647156,0.5292807734835043,0.4878687888198757
64,4,0.1,0.01,1e-05,10,0.43084545549551156,0.6815182566642761,0.7148949574429788,0.8386063664596273
64,4,0.1,0.01,1e-06,1,0.5753186504435934,0.7289174199104309,0.4915965954382988,0.45865683229813664
64,4,0.1,0.01,1e-06,10,0.4377674726092106,0.8279324769973755,0.71429710200828,0.8482142857142857
64,4,0.1,0.01,1e-07,1,0.5614854680987533,0.6990329623222351,0.5153950988711461,0.5018439440993788
64,4,0.1,0.01,1e-07,10,0.4544196921502937,0.7745296955108643,0.6304816271953508,0.8490877329192547
64,4,0.1,0.01,1e-07,20,0.43019682095870876,0.8732617497444153,0.7095232585049757,0.8574340062111802
64,4,0.1,0.01,1e-07,30,0.40518070528070155,0.612485408782959,0.7549615572526935,0.8627717391304348
64,4,0.1,0.01,1e-07,40,0.3894258594856461,0.6163157820701599,0.7821813366247525,0.8709724378881987
64,4,0.1,0.01,1e-07,50,0.38756748383429646,0.49372535943984985,0.7750932140193885,0.9042119565217391
64,4,0.1,0.01,1e-07,60,0.3495937029800848,1.142939805984497,0.8294530587055466,0.8874223602484472
64,4,0.1,0.01,1e-07,70,0.3546184999748361,0.5382493138313293,0.8011211396538866,0.9006211180124224
64,4,0.1,0.001,1e-05,1,0.6715133266533758,0.690477192401886,0.508346833294762,0.4090644409937888
64,4,0.1,0.001,1e-05,10,0.46624618666366446,0.8812552094459534,0.5512342821877652,0.860248447204969
64,4,0.1,0.001,1e-05,20,0.44505200992326366,0.7540949583053589,0.6719740800740569,0.8644215838509317
64,4,0.1,0.001,1e-06,1,0.6785592184996473,0.6937079429626465,0.4704119416801666,0.3799495341614907
64,4,0.1,0.001,1e-06,10,0.4707987299000537,0.8519269227981567,0.5218146519581373,0.7005046583850932
64,4,0.1,0.001,1e-06,20,0.45650472551821786,0.8476725816726685,0.6361760394970299,0.8598602484472049
64,4,0.1,0.001,1e-07,1,0.6692948554426085,0.7006258368492126,0.5104811129111059,0.532414596273292
64,4,0.1,0.001,1e-07,10,0.45921681471429376,0.8477765321731567,0.6250122142508165,0.8331715838509316
64,4,0.1,0.001,1e-07,20,0.4231482884914578,0.6950598955154419,0.7247422150222427,0.8611218944099379
64,4,0.1,0.001,1e-07,30,0.4049058676606523,0.6134161949157715,0.755285556326982,0.8692740683229814
64,4,0.1,0.001,1e-07,40,0.4012385119622942,0.6212452054023743,0.7664352387564608,0.8753881987577639
64,4,0.1,0.001,1e-07,50,0.3942222291527169,0.5411275029182434,0.7757643549589859,0.8819875776397516
64,4,0.1,0.001,1e-07,60,0.3853188354971948,0.591504693031311,0.7860166113811103,0.8908190993788819
64,4,0.1,0.001,1e-07,70,0.38451810200326947,0.5345381498336792,0.7854046131296768,0.8951863354037267
64,4,0.1,0.001,1e-07,80,0.3696520514534998,0.4758802056312561,0.8066728380776055,0.9017857142857143
64,4,0.1,0.0001,1e-05,1,0.7202274143001479,0.6955574750900269,0.4985227185065186,0.4151300465838509
64,4,0.1,0.0001,1e-05,10,0.5416208546195272,0.722786009311676,0.46270924940214464,0.32608695652173914
64,4,0.1,0.0001,1e-06,1,0.7077834460722164,0.693638026714325,0.5183522332793336,0.39407026397515527
64,4,0.1,0.0001,1e-06,10,0.5371195540919325,0.7187924981117249,0.5229010774254931,0.47641692546583847
64,4,0.1,0.0001,1e-07,1,0.7358910735950084,0.7002000212669373,0.4606276839209031,0.28804347826086957
64,4,0.1,0.0001,1e-07,10,0.6182044868013159,0.692029595375061,0.463894674586644,0.3090062111801242
64,4,0.1,0.0001,1e-07,20,0.4726482963795899,0.8863487243652344,0.48183033762760674,0.3470011645962733
64,4,0.1,0.0001,1e-07,30,0.47076925690155097,0.8795095682144165,0.48952660135256754,0.4484666149068323
64,4,0.1,0.0001,1e-07,40,0.4678290424209515,0.8763501048088074,0.5340816169096659,0.6010287267080745
64,4,0.1,0.0001,1e-07,50,0.46389224348734814,0.8760441541671753,0.5794903443133019,0.7930415372670807
64,4,0.1,0.0001,1e-07,60,0.4628662114345099,0.866506814956665,0.5841729023631361,0.8621894409937888
64,4,0.1,0.0001,1e-07,70,0.45910019998094337,0.8370211124420166,0.6243565018385662,0.8670419254658385
64,4,0.1,0.0001,1e-07,80,0.45175969887554535,0.8312650918960571,0.6746265010671398,0.8639363354037267
64,5,0.1,0.01,1e-05,1,0.548096746224556,0.7702167630195618,0.4965028671346653,0.6158773291925466
64,5,0.1,0.01,1e-05,10,0.4358137369174156,1.1890853643417358,0.703684846614724,0.8543284161490683
64,5,0.1,0.01,1e-06,1,0.570938525208661,0.7030665874481201,0.5342500449998714,0.5511451863354037
64,5,0.1,0.01,1e-06,10,0.44818630986313085,0.78407222032547,0.6499190002314279,0.8563664596273293
64,5,0.1,0.01,1e-07,1,0.5783213395271325,0.7163131833076477,0.5136413895960297,0.47127329192546585
64,5,0.1,0.01,1e-07,10,0.4472634291846207,0.6891758441925049,0.6556455552984135,0.8402562111801242
64,5,0.1,0.001,1e-05,1,0.63829946477745,0.7147113680839539,0.5079225487927177,0.640625
64,5,0.1,0.001,1e-05,10,0.46245281053861176,0.8524889945983887,0.5861181825194786,0.8509316770186335
64,5,0.1,0.001,1e-05,20,0.42917879255617564,0.6650390625,0.721119082516907,0.8624805900621116
64,5,0.1,0.001,1e-06,1,0.6544252857702924,0.6996908783912659,0.49759829257630694,0.5749223602484472
64,5,0.1,0.001,1e-06,10,0.4633342563959808,0.8486166596412659,0.5883874617501093,0.844623447204969
64,5,0.1,0.001,1e-06,20,0.43312585286243355,0.7551327347755432,0.6948443004448558,0.8525815217391304
64,5,0.1,0.001,1e-06,30,0.41476060425409284,0.6067513227462769,0.7335904754557844,0.8715062111801243
64,5,0.1,0.001,1e-06,40,0.39195776773259217,0.5768380165100098,0.7721720795083442,0.8806288819875776
64,5,0.1,0.001,1e-06,50,0.38909836306226975,0.5681551098823547,0.7626115353956131,0.8857725155279502
64,5,0.1,0.001,1e-06,60,0.38409774441210354,0.5580086708068848,0.7726375067499808,0.8887810559006212
64,5,0.1,0.001,1e-06,70,0.3698190223176665,0.4049546420574188,0.7853956131553911,0.9013975155279502
64,5,0.1,0.001,1e-06,80,0.35246034307321983,0.46858274936676025,0.8098382576049783,0.8930512422360248
64,5,0.1,0.001,1e-07,1,0.6649742848591013,0.6922719478607178,0.49796857723263654,0.42274844720496896
64,5,0.1,0.001,1e-07,10,0.46453566862936035,0.880412757396698,0.5697523721360795,0.8502523291925466
64,5,0.1,0.001,1e-07,20,0.42423489413913373,0.6856220364570618,0.71915965954383,0.8549107142857142
64,5,0.1,0.001,1e-07,30,0.39889339504250715,0.5769915580749512,0.7673866646095296,0.8815023291925466
64,5,0.1,0.001,1e-07,40,0.38736318672163805,0.5262641310691833,0.7811283396333153,0.8928571428571428
64,5,0.1,0.001,1e-07,50,0.3780817038840417,0.47346076369285583,0.7928977345779012,0.8935364906832298
64,5,0.1,0.001,1e-07,60,0.3720502728044731,0.4929075837135315,0.7927048779860629,0.8933423913043478
64,5,0.1,0.001,1e-07,70,0.37074278171701275,0.4922231137752533,0.7967702949420145,0.8950892857142857
64,5,0.1,0.001,1e-07,80,0.36384303554444863,0.4949425458908081,0.8090874026074211,0.8983889751552795
64,5,0.1,0.0001,1e-05,1,0.6876680709554109,0.6901336312294006,0.4907338836174754,0.7912461180124223
64,5,0.1,0.0001,1e-05,10,0.5000207686373093,0.763715386390686,0.5204993700017999,0.6817740683229815
64,5,0.1,0.0001,1e-06,1,0.7271963946662894,0.6978472471237183,0.5113065391241739,0.62597049689441
64,5,0.1,0.0001,1e-06,10,0.6169223131247636,0.6914448738098145,0.45610069685515187,0.304881599378882
64,5,0.1,0.0001,1e-07,1,0.7337554348604143,0.6995201110839844,0.48257476407210265,0.3186141304347826
64,5,0.1,0.0001,1e-07,10,0.5714488835293847,0.7076084613800049,0.4679240916454524,0.2684879658385093
128,2,0.1,0.01,1e-05,1,0.5131303291975684,0.9981008172035217,0.5066419810229115,0.5349378881987578
128,2,0.1,0.01,1e-05,10,0.4221120343699476,0.6978789567947388,0.7257733549332716,0.8523874223602484
128,2,0.1,0.01,1e-05,20,0.39568119576048955,0.6500165462493896,0.77356064696958,0.8798524844720498
128,2,0.1,0.01,1e-05,30,0.398996688685923,0.5515838265419006,0.7609169688086607,0.890819099378882
128,2,0.1,0.01,1e-05,40,0.3726253405003223,0.45455268025398254,0.7896911723109362,0.9083850931677019
128,2,0.1,0.01,1e-05,50,0.3701742983975343,0.46954065561294556,0.7950165856668981,0.9089673913043478
128,2,0.1,0.01,1e-05,60,0.33689606081920487,0.601205587387085,0.8410321684795186,0.9049883540372671
128,2,0.1,0.01,1e-05,70,0.3363560803970042,0.566726565361023,0.843259019259945,0.9064440993788818
128,2,0.1,0.01,1e-05,80,0.32597050226078234,0.39949506521224976,0.8539458458690119,0.9072204968944101
128,2,0.1,0.01,1e-06,1,0.5102391262167002,0.940251350402832,0.5008074262644964,0.7525232919254659
128,2,0.1,0.01,1e-06,10,0.4293706882299637,0.6811807751655579,0.7145722440793026,0.842876552795031
128,2,0.1,0.01,1e-06,20,0.4140461132177029,0.6562635898590088,0.7499318573375504,0.8621894409937888
128,2,0.1,0.01,1e-06,30,0.39553533197545626,0.6277555823326111,0.7705173699503716,0.8712150621118012
128,2,0.1,0.01,1e-06,40,0.38496879830380876,0.5262776017189026,0.7841111882537479,0.8827639751552795
128,2,0.1,0.01,1e-06,50,0.37322033988340436,0.4871356189250946,0.7984160045257014,0.9031444099378881
128,2,0.1,0.01,1e-06,60,0.3694333322825862,0.5287681818008423,0.7989174316644809,0.8997476708074534
128,2,0.1,0.01,1e-06,70,0.3483323232116033,0.43546876311302185,0.8266412095965439,0.9110054347826086
128,2,0.1,0.01,1e-07,1,0.519307679774789,0.8712910413742065,0.49069916943094444,0.5090256211180124
128,2,0.1,0.01,1e-07,10,0.4274515510336305,0.7272400259971619,0.723363933245905,0.8519992236024845
128,2,0.1,0.001,1e-05,1,0.5635957027015183,0.8197981119155884,0.48326776209210826,0.40110636645962733
128,2,0.1,0.001,1e-05,10,0.45569313464173505,0.8116064071655273,0.6574815500527141,0.8507375776397516
128,2,0.1,0.001,1e-05,20,0.429215875324627,0.6637733578681946,0.7235027899920285,0.8594720496894411
128,2,0.1,0.001,1e-05,30,0.424278624871989,0.6451440453529358,0.741592738306462,0.8689829192546583
128,2,0.1,0.001,1e-05,40,0.39544879701296876,0.6101962924003601,0.7728496490010028,0.8816479037267081
128,2,0.1,0.001,1e-05,50,0.39056400253975926,0.6215004324913025,0.7814471958651547,0.8887810559006211
128,2,0.1,0.001,1e-05,60,0.39252443342103616,0.6650863289833069,0.7747049294144874,0.8881017080745341
128,2,0.1,0.001,1e-05,70,0.38661727554077463,0.6243591904640198,0.7801511995680013,0.8953804347826088
128,2,0.1,0.001,1e-05,80,0.372780302764447,0.49117428064346313,0.800257142122451,0.8994565217391305
128,2,0.1,0.001,1e-06,1,0.5469743159926793,0.9240033030509949,0.4814703386561753,0.3203610248447205
128,2,0.1,0.001,1e-06,10,0.455641390903094,0.8373703360557556,0.6783692046594152,0.86034549689441
128,2,0.1,0.001,1e-06,20,0.4138966521955136,0.6376073956489563,0.7422150222427937,0.8704386645962733
128,2,0.1,0.001,1e-06,30,0.40133475857158146,0.6124164462089539,0.7555221270796368,0.8827639751552795
128,2,0.1,0.001,1e-06,40,0.4074175423599327,0.6584014296531677,0.7492787163465247,0.8871312111801241
128,2,0.1,0.001,1e-06,50,0.3798240268252365,0.5204139947891235,0.7935753040705599,0.89159549689441
128,2,0.1,0.001,1e-06,60,0.37568665762242914,0.5599838495254517,0.8013577104065418,0.8929541925465838
128,2,0.1,0.001,1e-06,70,0.3698581623782562,0.5273354649543762,0.8066136953894417,0.8991653726708073
128,2,0.1,0.001,1e-06,80,0.36387317786181655,0.5953549742698669,0.8162745249299288,0.8969332298136646
128,2,0.1,0.001,1e-07,1,0.5245260582753737,0.9855499863624573,0.48565661240967883,0.35374611801242234
128,2,0.1,0.001,1e-07,10,0.46276626241199814,0.8164127469062805,0.6180359484687187,0.8726708074534161
128,2,0.1,0.001,1e-07,20,0.424240109691731,0.7124225497245789,0.7257013551389853,0.8661684782608696
128,2,0.1,0.0001,1e-05,1,0.6347526362671726,0.691714882850647,0.48834374758929266,0.2694099378881987
128,2,0.1,0.0001,1e-05,10,0.4687140988360732,0.8977763056755066,0.5052019851371853,0.4109083850931677
128,2,0.1,0.0001,1e-05,20,0.4683872031551574,0.8830093741416931,0.5121859651829567,0.6293672360248447
128,2,0.1,0.0001,1e-05,30,0.46435332773361815,0.8752071857452393,0.5877420350227571,0.8308423913043478
128,2,0.1,0.0001,1e-05,40,0.4605169394570286,0.8405157327651978,0.6373010362827536,0.8716032608695652
128,2,0.1,0.0001,1e-05,50,0.4511423128137992,0.8282011151313782,0.7048934145902441,0.8692740683229814
128,2,0.1,0.0001,1e-06,1,0.6915560998776293,0.6886866092681885,0.5375774640643884,0.6279114906832298
128,2,0.1,0.0001,1e-06,10,0.4705387951770785,0.850193202495575,0.5203965131528195,0.6930318322981366
128,2,0.1,0.0001,1e-06,20,0.4626592971809359,0.875389039516449,0.5988351461852967,0.766207298136646
128,2,0.1,0.0001,1e-06,30,0.46237039779827394,0.8638316988945007,0.5959757257836406,0.812014751552795
128,2,0.1,0.0001,1e-06,40,0.45934208383375996,0.8597164750099182,0.6308840546169868,0.8312305900621119
128,2,0.1,0.0001,1e-06,50,0.45446877975466793,0.8311327695846558,0.6671822366221811,0.8417119565217391
128,2,0.1,0.0001,1e-06,60,0.44476956107147186,0.8049179315567017,0.7259070688369462,0.8498641304347826
128,2,0.1,0.0001,1e-06,70,0.43983764501527217,0.7787677645683289,0.7291624881071768,0.85840450310559
128,2,0.1,0.0001,1e-06,80,0.4304839810624874,0.7374725341796875,0.7368330376198925,0.8626746894409937
128,2,0.1,0.0001,1e-07,1,0.6832153540970284,0.6906322240829468,0.4643369590372599,0.28125
128,2,0.1,0.0001,1e-07,10,0.46967993787210605,0.876527726650238,0.49753014991385747,0.3618982919254658
128,2,0.1,0.0001,1e-07,20,0.46854353444405233,0.8722848296165466,0.5016251382138909,0.5919060559006211
128,2,0.1,0.0001,1e-07,30,0.4631045285833898,0.8650882244110107,0.5947825863354675,0.8519021739130435
128,2,0.1,0.0001,1e-07,40,0.45891806094066123,0.8505827784538269,0.6553806989122889,0.8699534161490683
128,3,0.1,0.01,1e-05,1,0.5132852102773164,0.855404257774353,0.49882486050039854,0.4938858695652174
128,3,0.1,0.01,1e-05,10,0.42292012474348323,0.7406563758850098,0.7289002031422767,0.844138198757764
128,3,0.1,0.01,1e-05,20,0.4005970450210688,0.5280324220657349,0.7606186839466172,0.8782026397515527
128,3,0.1,0.01,1e-05,30,0.39138255075104467,0.4773549735546112,0.7624058216976523,0.8852872670807453
128,3,0.1,0.01,1e-05,40,0.363194000074134,0.5689013004302979,0.7856514695672299,0.890722049689441
128,3,0.1,0.01,1e-05,50,0.40724977132807766,0.45027807354927063,0.7533364190388028,0.90819099378882
128,3,0.1,0.01,1e-05,60,0.3450086700046523,0.464510440826416,0.8188845174728072,0.9019798136645962
128,3,0.1,0.01,1e-05,70,0.3309965359696868,0.38615933060646057,0.8393350304713415,0.9184782608695652
128,3,0.1,0.01,1e-05,80,0.33100977737358345,0.48462367057800293,0.8328267633521047,0.9079968944099379
128,3,0.1,0.01,1e-06,1,0.5280952571104963,0.763458788394928,0.5082799763429248,0.7329192546583851
128,3,0.1,0.01,1e-06,10,0.42012270923263084,0.6650275588035583,0.7327161922394508,0.8485054347826088
128,3,0.1,0.01,1e-07,1,0.5297789627938531,1.044520616531372,0.5059194116588238,0.6035520186335404
128,3,0.1,0.01,1e-07,10,0.42136014405019,0.6732445359230042,0.7308981974337216,0.8400621118012421
128,3,0.1,0.01,1e-07,20,0.39578966113923153,0.7037556767463684,0.7728020777083493,0.8757763975155279
128,3,0.1,0.01,1e-07,30,0.38038732468679887,0.43137580156326294,0.7801074854071846,0.9036296583850931
128,3,0.1,0.01,1e-07,40,0.3574048750134497,0.4443630576133728,0.8035665612383964,0.907123447204969
128,3,0.1,0.01,1e-07,50,0.34930909189762765,0.37480276823043823,0.8109593972588649,0.907705745341615
128,3,0.1,0.001,1e-05,1,0.5805029345391939,0.815642237663269,0.5115508241405025,0.5277562111801242
128,3,0.1,0.001,1e-05,10,0.45627745492629374,0.8250585794448853,0.6745095014014246,0.860539596273292
128,3,0.1,0.001,1e-05,20,0.4110840917327958,0.7562514543533325,0.7537658463832959,0.8676242236024844
128,3,0.1,0.001,1e-05,30,0.407459117093019,0.619011402130127,0.7488338604746844,0.8782996894409937
128,3,0.1,0.001,1e-05,40,0.3884970075984735,0.6049907803535461,0.7871120368227519,0.8861607142857144
128,3,0.1,0.001,1e-05,50,0.37895963403580746,0.6162404417991638,0.7944945871583224,0.8927600931677019
128,3,0.1,0.001,1e-05,60,0.36280376557774663,0.5457576513290405,0.817669520944226,0.9002329192546584
128,3,0.1,0.001,1e-05,70,0.370521067750739,0.4374937117099762,0.7982977191493739,0.9145962732919254
128,3,0.1,0.001,1e-05,80,0.34991609171297855,0.5704487562179565,0.8268250662140966,0.9046001552795031
128,3,0.1,0.001,1e-06,1,0.5746877838832919,0.8585212826728821,0.5003857131836766,0.49301242236024845
128,3,0.1,0.001,1e-06,10,0.4572866961752835,0.8135563731193542,0.6425930211627966,0.8618012422360248
128,3,0.1,0.001,1e-06,20,0.4095906626220717,0.6881021857261658,0.7560826969065804,0.8768439440993788
128,3,0.1,0.001,1e-06,30,0.39562983587064454,0.5922645926475525,0.7752603563989817,0.8863548136645961
128,3,0.1,0.001,1e-06,40,0.3940826780696649,0.5361955761909485,0.7784823471932937,0.8859666149068323
128,3,0.1,0.001,1e-06,50,0.391563374140305,0.6498115658760071,0.779117488235748,0.8956715838509317
128,3,0.1,0.001,1e-06,60,0.38009652219470624,0.5748355984687805,0.792836020468513,0.8951863354037267
128,3,0.1,0.001,1e-06,70,0.36958973678908125,0.5809346437454224,0.8113553961274396,0.9003299689440993
128,3,0.1,0.001,1e-06,80,0.36422007632796416,0.532894492149353,0.8150106713980817,0.9022709627329193
128,3,0.1,0.001,1e-07,1,0.5856816699211032,0.8154111504554749,0.4943043019877087,0.5804541925465838
128,3,0.1,0.001,1e-07,10,0.4580307607998664,0.8756963610649109,0.6490781454910128,0.8650524068322981
128,3,0.1,0.0001,1e-05,1,0.7154669361857093,0.6929852366447449,0.4473000077142637,0.34573951863354035
128,3,0.1,0.0001,1e-05,10,0.470964098839143,0.8645520210266113,0.5038108462547249,0.45458074534161486
128,3,0.1,0.0001,1e-05,20,0.4674103268080149,0.8772889971733093,0.5234642186736609,0.7166149068322982
128,3,0.1,0.0001,1e-05,30,0.46264124488552827,0.86944180727005,0.6118696803723418,0.8843167701863355
128,3,0.1,0.0001,1e-05,40,0.4579219149527266,0.8482025265693665,0.6678649489572888,0.8733501552795031
128,3,0.1,0.0001,1e-06,1,0.658239645105721,0.690205454826355,0.4802990562884106,0.25485248447204967
128,3,0.1,0.0001,1e-06,10,0.47150662947037264,0.901073694229126,0.4614286816323382,0.43167701863354035
128,3,0.1,0.0001,1e-06,20,0.46740033922935104,0.8797537088394165,0.5332253336419039,0.7003105590062113
128,3,0.1,0.0001,1e-06,30,0.46129125899365164,0.8679978847503662,0.6246959294402016,0.8369565217391305
128,3,0.1,0.0001,1e-06,40,0.4527981418689141,0.8349319696426392,0.6885533184190902,0.8399650621118012
128,3,0.1,0.0001,1e-06,50,0.44248842679599104,0.7846300601959229,0.720620226799352,0.8492818322981367
128,3,0.1,0.0001,1e-06,60,0.4341908152449869,0.740973949432373,0.7183110905397414,0.8536490683229813
128,3,0.1,0.0001,1e-06,70,0.4207920685894719,0.7047938704490662,0.7445550155570985,0.8617041925465838
128,3,0.1,0.0001,1e-06,80,0.41237132917292496,0.6573212742805481,0.7526755637841035,0.8662655279503106
128,3,0.1,0.0001,1e-07,1,0.7005916393146714,0.6921862363815308,0.5115495384298901,0.28687888198757766
128,3,0.1,0.0001,1e-07,10,0.47080172407415144,0.8739005327224731,0.4963112962534393,0.4944681677018633
128,3,0.1,0.0001,1e-07,20,0.46735316441879177,0.878013014793396,0.5278870631798195,0.687694099378882
128,3,0.1,0.0001,1e-07,30,0.4624550612078058,0.8685730695724487,0.6018617089665459,0.8434588509316769
128,3,0.1,0.0001,1e-07,40,0.460311223033891,0.8481401801109314,0.6314356244696444,0.8546195652173912
128,4,0.1,0.01,1e-05,1,0.6744966240911525,0.6957615613937378,0.4865823240505027,0.41314052795031053
128,4,0.1,0.01,1e-05,10,0.45851014325181666,0.673162043094635,0.6350176142353878,0.8525815217391305
128,4,0.1,0.01,1e-05,20,0.40231492208199293,0.7669793963432312,0.7542647021008511,0.8765527950310559
128,4,0.1,0.01,1e-05,30,0.3709513541199107,0.4168689250946045,0.7992028594204017,0.8913043478260869
128,4,0.1,0.01,1e-05,40,0.38668251121650804,0.471232533454895,0.7786314896243154,0.9029503105590062
128,4,0.1,0.01,1e-05,50,0.35006095625227174,0.4362141191959381,0.816783666332382,0.9067352484472049
128,4,0.1,0.01,1e-05,60,0.34294587384696973,0.37428802251815796,0.8255419270230657,0.9092585403726708
128,4,0.1,0.01,1e-05,70,0.3244679060214725,0.4784293472766876,0.8453508704260844,0.9111024844720497
128,4,0.1,0.01,1e-05,80,0.3268881073252399,0.43979114294052124,0.8541721309367687,0.9136257763975155
128,4,0.1,0.01,1e-06,1,0.5486594281410017,1.2193799018859863,0.5120033942760163,0.4770962732919255
128,4,0.1,0.01,1e-06,10,0.4283464948945364,0.8362799882888794,0.7054642701020855,0.857725155279503
128,4,0.1,0.01,1e-06,20,0.39155992514731913,0.6085250973701477,0.7704813700532285,0.8787849378881988
128,4,0.1,0.01,1e-06,30,0.37946492004146026,0.6194946765899658,0.7875903211705109,0.8844138198757765
128,4,0.1,0.01,1e-06,40,0.39404350016688655,0.5251710414886475,0.7524389930314486,0.8947010869565217
128,4,0.1,0.01,1e-06,50,0.35437954570310093,0.4589345455169678,0.8122348221862223,0.8971273291925466
128,4,0.1,0.01,1e-06,60,0.35347550785811965,0.38610130548477173,0.798943145876726,0.9038237577639752
128,4,0.1,0.01,1e-06,70,0.3244609242198951,0.3979198932647705,0.8432564478387204,0.921389751552795
128,4,0.1,0.01,1e-06,80,0.33174040142485584,0.40715280175209045,0.8258710689398031,0.9151785714285714
128,4,0.1,0.01,1e-07,1,0.7700091088059342,0.6890837550163269,0.49752243565018384,0.4731172360248447
128,4,0.1,0.01,1e-07,10,0.44838037187887947,0.7727766036987305,0.6878448918717375,0.8476319875776398
128,4,0.1,0.01,1e-07,20,0.4029673909497802,0.6112027168273926,0.7604592558306975,0.8743206521739131
128,4,0.1,0.01,1e-07,30,0.37607629652917934,0.4254353940486908,0.7835789040602742,0.890333850931677
128,4,0.1,0.01,1e-07,40,0.4148563571790477,0.6477755904197693,0.7638599604001133,0.8886840062111802
128,4,0.1,0.01,1e-07,50,0.36927481690920766,0.5571576952934265,0.790154028131348,0.9021739130434782
128,4,0.1,0.01,1e-07,60,0.42643040378425545,0.8019609451293945,0.7673712360821827,0.8704386645962732
128,4,0.1,0.001,1e-05,1,0.6336301031980976,0.7767844200134277,0.4997557149836715,0.2611607142857143
128,4,0.1,0.001,1e-05,10,0.45835053241011703,0.8500307202339172,0.652184422330222,0.8671389751552795
128,4,0.1,0.001,1e-05,20,0.4159615596220729,0.6496315002441406,0.7332356193268019,0.8575310559006212
128,4,0.1,0.001,1e-06,1,0.6020788000376951,0.8457189798355103,0.4714469387230322,0.4717585403726708
128,4,0.1,0.001,1e-06,10,0.4537462896543511,0.8871145248413086,0.6739746457867263,0.8461762422360247
128,4,0.1,0.001,1e-06,20,0.41460202297208354,0.7410143613815308,0.7437193036591323,0.8621894409937889
128,4,0.1,0.001,1e-06,30,0.3951840712606066,0.6980092525482178,0.7734937900177428,0.875194099378882
128,4,0.1,0.001,1e-06,40,0.3834408814559167,0.5602129697799683,0.7901257424978786,0.8947981366459626
128,4,0.1,0.001,1e-06,50,0.3686664257219129,0.49598780274391174,0.8044048445575869,0.9034355590062112
128,4,0.1,0.001,1e-06,60,0.3743503525314121,0.6851328015327454,0.7939905885983184,0.8975155279503105
128,4,0.1,0.001,1e-06,70,0.34736451075385494,0.3983120620250702,0.8274422073079791,0.9144021739130433
128,4,0.1,0.001,1e-06,80,0.34975689291442413,0.372224360704422,0.8267659235259328,0.9173136645962732
128,4,0.1,0.001,1e-07,1,0.5968555595010866,0.7963078022003174,0.48603718275090646,0.6075310559006211
128,4,0.1,0.001,1e-07,10,0.46381771995712834,0.8286231756210327,0.6126231067911234,0.8707298136645962
128,4,0.1,0.001,1e-07,20,0.41039991155860617,0.6592418551445007,0.7540049885571756,0.8642274844720498
128,4,0.1,0.001,1e-07,30,0.39645282071766713,0.5656392574310303,0.7713903674560929,0.8884899068322981
128,4,0.1,0.001,1e-07,40,0.37807621826502824,0.6892368197441101,0.7943094448301575,0.8957686335403725
128,4,0.1,0.001,1e-07,50,0.35998292427206247,0.44557273387908936,0.8140978168633805,0.906055900621118
128,4,0.1,0.001,1e-07,60,0.34768028845091237,0.5125157833099365,0.8262233536475609,0.9028532608695652
128,4,0.1,0.0001,1e-05,1,0.689202101701319,0.6896459460258484,0.48987117179665196,0.5034937888198758
128,4,0.1,0.0001,1e-05,10,0.47046350961371775,0.912449836730957,0.4858533261333539,0.42430124223602483
128,4,0.1,0.0001,1e-06,1,0.6858574567507704,0.6903389096260071,0.499114145388156,0.4365295031055901
128,4,0.1,0.0001,1e-06,10,0.4692191872802854,0.890083909034729,0.5082915477384351,0.48408385093167705
128,4,0.1,0.0001,1e-06,20,0.46657608112332866,0.8746365308761597,0.54629458201548,0.8539402173913043
128,4,0.1,0.0001,1e-06,30,0.4578425486273447,0.8465854525566101,0.6661279539201315,0.8689829192546583
128,4,0.1,0.0001,1e-07,1,0.6504831909037017,0.688606321811676,0.5298850574712644,0.39499223602484473
128,4,0.1,0.0001,1e-07,10,0.467779263515987,0.9096637964248657,0.5275000642855305,0.45632763975155277
128,4,0.1,0.0001,1e-07,20,0.46582961215847185,0.8574948906898499,0.5576126925351642,0.7698951863354038
128,4,0.1,0.0001,1e-07,30,0.4611402198736248,0.8398380875587463,0.6154979557201266,0.8379270186335405
128,4,0.1,0.0001,1e-07,40,0.4494205608388385,0.8237759470939636,0.6913445961582966,0.8397709627329192
128,4,0.1,0.0001,1e-07,50,0.4312448373497227,0.725388765335083,0.72407364550387,0.8467585403726708
128,4,0.1,0.0001,1e-07,60,0.42039349176341373,0.6841428875923157,0.7323664789529172,0.8522903726708075
128,4,0.1,0.0001,1e-07,70,0.41323443726481723,0.6708737015724182,0.7432950191570882,0.858889751552795
128,4,0.1,0.0001,1e-07,80,0.4090056935568517,0.6381452679634094,0.7536244182159479,0.8636451863354037
128,5,0.1,0.01,1e-05,1,0.5862959153370065,1.077192783355713,0.4927614492530022,0.5494953416149068
128,5,0.1,0.01,1e-05,10,0.43889255930425786,0.7288652062416077,0.6856540409884544,0.8446234472049688
128,5,0.1,0.01,1e-05,20,0.40074914766922093,0.6477434039115906,0.7703373704646557,0.8771350931677018
128,5,0.1,0.01,1e-05,30,0.392311607673079,0.5328779220581055,0.7676463781532052,0.8814052795031055
128,5,0.1,0.01,1e-05,40,0.374030180481005,0.5747076869010925,0.7717555092699735,0.8940217391304347
128,5,0.1,0.01,1e-05,50,0.3552154744972414,0.6222848892211914,0.8100542569878372,0.8997476708074534
128,5,0.1,0.01,1e-05,60,0.36155233324341507,0.5612282156944275,0.807878834631901,0.9027562111801243
128,5,0.1,0.01,1e-05,70,0.33183389335669744,0.412152498960495,0.828967060094114,0.9187694099378882
128,5,0.1,0.01,1e-05,80,0.34454166255137586,0.3387726843357086,0.8149052431278768,0.9215838509316769
128,5,0.1,0.01,1e-06,1,0.6189252872141061,1.0828357934951782,0.5014091388310319,0.5282414596273292
128,5,0.1,0.01,1e-06,10,0.4593860904984793,0.902187168598175,0.6196559438401605,0.8524844720496894
128,5,0.1,0.01,1e-06,20,0.4000205473436453,0.6657586097717285,0.7628301061996967,0.8678183229813665
128,5,0.1,0.01,1e-06,30,0.38560526110437443,0.7296241521835327,0.7800971997222865,0.8780085403726707
128,5,0.1,0.01,1e-06,40,0.3882940028577696,0.5060441493988037,0.7702280850626141,0.8956715838509317
128,5,0.1,0.01,1e-06,50,0.3523205738357062,0.3648260235786438,0.8199773714932244,0.9074145962732919
128,5,0.1,0.01,1e-06,60,0.3638227080399825,0.37714430689811707,0.797478721489367,0.8998447204968943
128,5,0.1,0.01,1e-07,1,0.6051647876172911,0.6901999711990356,0.5026138496747152,0.5969041149068323
128,5,0.1,0.01,1e-07,10,0.4474859061890186,0.662381649017334,0.6642803877703207,0.8456909937888198
128,5,0.1,0.01,1e-07,20,0.4207319612155145,0.6191561818122864,0.7152433850189001,0.876455745341615
128,5,0.1,0.01,1e-07,30,0.3993469629640012,0.5759983658790588,0.7613656818123377,0.8799980590062112
128,5,0.1,0.01,1e-07,40,0.3810576896847281,0.5889074206352234,0.7945614441101596,0.8811141304347826
128,5,0.1,0.01,1e-07,50,0.37209262263548293,0.5673299431800842,0.8003831417624522,0.8981948757763975
128,5,0.1,0.01,1e-07,60,0.34866683184186936,0.7066888213157654,0.8244645015299956,0.8957686335403727
128,5,0.1,0.001,1e-05,1,0.5573800140769112,1.1307721138000488,0.5057111265396383,0.4736024844720497
128,5,0.1,0.001,1e-05,10,0.4616276395605942,0.8689975142478943,0.6098292576306925,0.8679153726708074
128,5,0.1,0.001,1e-05,20,0.4265859614370207,0.7615362405776978,0.7150338141891023,0.8553959627329192
128,5,0.1,0.001,1e-06,1,0.5666822598690932,1.0488063097000122,0.48321119082516906,0.6021933229813665
128,5,0.1,0.001,1e-06,10,0.4561996764927682,0.91422438621521,0.6465761526395639,0.8305512422360248
128,5,0.1,0.001,1e-06,20,0.417933884115032,0.8607981204986572,0.7318341947594436,0.8524844720496895
128,5,0.1,0.001,1e-06,30,0.4105061596153266,0.5989835262298584,0.7441538738460747,0.8701475155279502
128,5,0.1,0.001,1e-06,40,0.4049835009563196,0.625658392906189,0.7484507187122322,0.8865489130434782
128,5,0.1,0.001,1e-06,50,0.3630272770936616,0.5444055199623108,0.8032194193730875,0.8994565217391303
128,5,0.1,0.001,1e-06,60,0.3470648769620443,0.4541960060596466,0.8090642598164006,0.9151785714285714
128,5,0.1,0.001,1e-06,70,0.33895386076645934,0.4894941747188568,0.8293193448018721,0.9181871118012422
128,5,0.1,0.001,1e-06,80,0.33822457626653846,0.42091426253318787,0.8308647689578029,0.9172166149068323
128,5,0.1,0.001,1e-07,1,0.5880731917246217,0.9489637017250061,0.46817351950423,0.42041925465838514
128,5,0.1,0.001,1e-07,10,0.45549152158360623,0.8034213185310364,0.6586592609735401,0.8382181677018633
128,5,0.1,0.001,1e-07,20,0.4065886521946061,0.6319556832313538,0.757707835120471,0.8538431677018634
128,5,0.1,0.001,1e-07,30,0.3883708530704643,0.5341522097587585,0.7764766386381753,0.8877135093167703
128,5,0.1,0.001,1e-07,40,0.3710987263117591,0.4455062747001648,0.783100619712515,0.8972243788819876
128,5,0.1,0.001,1e-07,50,0.3494021976235306,0.42913681268692017,0.8179356630409627,0.9055706521739129
128,5,0.1,0.001,1e-07,60,0.3474250790862347,0.3793140947818756,0.8173802360564684,0.9124611801242235
128,5,0.1,0.001,1e-07,70,0.3369567324821383,0.4779145419597626,0.8345959011545682,0.906638198757764
128,5,0.1,0.0001,1e-05,1,0.6834255756226733,0.6896769404411316,0.4732237907891692,0.41081133540372666
128,5,0.1,0.0001,1e-05,10,0.4733982572045376,0.9253120422363281,0.444346730437913,0.32113742236024845
128,5,0.1,0.0001,1e-06,1,0.6562307217528964,0.6891379356384277,0.4903854560415542,0.2724184782608696
128,5,0.1,0.0001,1e-06,10,0.47069115060593436,0.9001860022544861,0.4906220267942092,0.4652562111801242
128,5,0.1,0.0001,1e-06,20,0.4652100318345024,0.8730782866477966,0.5620303941988738,0.7057453416149068
128,5,0.1,0.0001,1e-06,30,0.4638655742642925,0.8509430289268494,0.5903404561701253,0.877232142857143
128,5,0.1,0.0001,1e-06,40,0.4542192303644668,0.8355914950370789,0.6871300367713236,0.8641304347826088
128,5,0.1,0.0001,1e-07,1,0.6967608694062505,0.691691517829895,0.4694052302707707,0.35389169254658387
128,5,0.1,0.0001,1e-07,10,0.47506103919080106,0.9099432229995728,0.44414873100362573,0.3581133540372671
128,5,0.1,0.0001,1e-07,20,0.46834009370505625,0.8780115246772766,0.5222453650132428,0.49786490683229817
128,5,0.1,0.0001,1e-07,30,0.4641021151509042,0.8515521883964539,0.587409035974183,0.8140527950310559
128,5,0.1,0.0001,1e-07,40,0.45575157224510726,0.8489680290222168,0.6723957931548767,0.8643245341614907
256,2,0.1,0.01,1e-05,1,0.6270015322672378,1.1649726629257202,0.48509604258273553,0.37577639751552794
256,2,0.1,0.01,1e-05,10,0.429605934935651,0.6932799220085144,0.7084702615135385,0.8533579192546584
256,2,0.1,0.01,1e-05,20,0.39320112732858614,0.6113064289093018,0.7788603461132967,0.8683035714285714
256,2,0.1,0.01,1e-05,30,0.39213133492329455,0.6024727821350098,0.7740775026357067,0.8872282608695653
256,2,0.1,0.01,1e-05,40,0.3774974096925035,0.4660469889640808,0.7934660186685181,0.892080745341615
256,2,0.1,0.01,1e-05,50,0.36341198144113995,0.45899417996406555,0.8034791329167631,0.8959627329192547
256,2,0.1,0.01,1e-05,60,0.392661493260169,0.4833076298236847,0.763526961351539,0.9009122670807453
256,2,0.1,0.01,1e-06,1,0.5491926536320324,0.9191433787345886,0.5183509475687212,0.6048136645962733
256,2,0.1,0.01,1e-06,10,0.4581477876311793,0.6892422437667847,0.6697343721875081,0.8651009316770187
256,2,0.1,0.01,1e-06,20,0.4250192978789951,0.766365647315979,0.7207796549152716,0.8663625776397516
256,2,0.1,0.01,1e-06,30,0.39034322719132514,0.5622074007987976,0.7835866183239475,0.890042701863354
256,2,0.1,0.01,1e-06,40,0.3724429428687058,0.5079148411750793,0.7911517395664583,0.8954774844720497
256,2,0.1,0.01,1e-06,50,0.36229362508258084,0.42989057302474976,0.8050014142816735,0.9082880434782609
256,2,0.1,0.01,1e-06,60,0.338768226960771,0.47921425104141235,0.8353030419913087,0.9133346273291926
256,2,0.1,0.01,1e-06,70,0.3309011340214386,0.4410784840583801,0.8455951554424129,0.9008152173913043
256,2,0.1,0.01,1e-07,1,0.6204557996962715,1.0283511877059937,0.5064761243539304,0.4036296583850932
256,2,0.1,0.01,1e-07,10,0.4290807834072101,0.8145385384559631,0.7147162436678753,0.8480201863354038
256,2,0.1,0.01,1e-07,20,0.4067394198595125,0.7320603132247925,0.7541772737792177,0.8531638198757763
256,2,0.1,0.01,1e-07,30,0.3968438131359002,0.6868762373924255,0.7676078068348375,0.8778144409937888
256,2,0.1,0.01,1e-07,40,0.3814667029698008,0.6356610059738159,0.7926020211370826,0.8891692546583851
256,2,0.1,0.01,1e-07,50,0.3893032173924765,0.666947066783905,0.7772557792692021,0.9027562111801243
256,2,0.1,0.001,1e-05,1,0.538334605318867,1.0663985013961792,0.48121705366556095,0.5027173913043478
256,2,0.1,0.001,1e-05,10,0.4448135240468271,0.7622151970863342,0.69918485947183,0.8558812111801242
256,2,0.1,0.001,1e-05,20,0.404651536943721,0.6176381707191467,0.757813263390676,0.873447204968944
256,2,0.1,0.001,1e-05,30,0.3899852772712123,0.5286504626274109,0.7843374733215049,0.8860636645962733
256,2,0.1,0.001,1e-05,40,0.37564581356700544,0.48828548192977905,0.7983748617861091,0.8914013975155279
256,2,0.1,0.001,1e-05,50,0.3670221343864918,0.5091792941093445,0.8095116871094654,0.8972243788819876
256,2,0.1,0.001,1e-05,60,0.36637162212065433,0.4730749726295471,0.806091696880866,0.9046972049689441
256,2,0.1,0.001,1e-05,70,0.3591521658793613,0.46305814385414124,0.8148731003625703,0.90625
256,2,0.1,0.001,1e-05,80,0.3485022804109981,0.5112628936767578,0.8271027797063438,0.8991653726708074
256,2,0.1,0.001,1e-06,1,0.5452927457526152,1.1123110055923462,0.4872637506749981,0.43968361801242234
256,2,0.1,0.001,1e-06,10,0.4464440310315659,0.8381770849227905,0.7150492427164493,0.8656832298136645
256,2,0.1,0.001,1e-07,1,0.5268455943689984,1.0360289812088013,0.48106405410270253,0.4449728260869565
256,2,0.1,0.001,1e-07,10,0.442795934010546,0.7729982733726501,0.6937951605852555,0.8600543478260869
256,2,0.1,0.001,1e-07,20,0.40849612694368415,0.5813989639282227,0.747679292344879,0.8712150621118013
256,2,0.1,0.001,1e-07,30,0.3907818020230638,0.5956070423126221,0.7810100542569878,0.8773291925465838
256,2,0.1,0.001,1e-07,40,0.3800425022420234,0.6347288489341736,0.7949548715575099,0.8776203416149069
256,2,0.1,0.001,1e-07,50,0.37496091928824116,0.5345030426979065,0.8006788552032709,0.8874223602484472
256,2,0.1,0.001,1e-07,60,0.3619605399471788,0.5768400430679321,0.8178970917225951,0.8860636645962733
256,2,0.1,0.0001,1e-05,1,0.6476365926074221,0.6919883489608765,0.4905114556815552,0.2846467391304348
256,2,0.1,0.0001,1e-05,10,0.468724804027617,0.873943567276001,0.4933914474530073,0.44041149068322977
256,2,0.1,0.0001,1e-05,20,0.46559852807526203,0.8592894077301025,0.5663336676180925,0.8327833850931677
256,2,0.1,0.0001,1e-05,30,0.4561062128831827,0.8441470265388489,0.6807220550798426,0.8382181677018633
256,2,0.1,0.0001,1e-06,1,0.5855501868986485,0.7065005302429199,0.5169340944740157,0.5163043478260869
256,2,0.1,0.0001,1e-06,10,0.4672422517230363,0.8684777021408081,0.5333011905680269,0.7259316770186335
256,2,0.1,0.0001,1e-06,20,0.461760742141015,0.8652610182762146,0.65461184396616,0.8622864906832297
256,2,0.1,0.0001,1e-06,30,0.45303709173699525,0.8305569291114807,0.7091594024017074,0.8601513975155278
256,2,0.1,0.0001,1e-07,1,0.6395512989223697,0.6919980049133301,0.527678778060634,0.5517274844720497
256,2,0.1,0.0001,1e-07,10,0.46798267132807625,0.8768044114112854,0.5173622361078968,0.6368400621118012
256,2,0.1,0.0001,1e-07,20,0.4632459270815262,0.8727739453315735,0.6135681040911312,0.8293866459627329
256,2,0.1,0.0001,1e-07,30,0.45394343207176296,0.8289176821708679,0.6934750186428039,0.8319099378881988
256,2,0.1,0.0001,1e-07,40,0.44199249272621316,0.7714444398880005,0.7165599526858495,0.8466614906832297
256,2,0.1,0.0001,1e-07,50,0.4290928395520976,0.7369158864021301,0.7300984854328988,0.8585986024844722
256,2,0.1,0.0001,1e-07,60,0.4155074301159214,0.6517589688301086,0.7497570006942837,0.8689829192546584
256,2,0.1,0.0001,1e-07,70,0.4071419445888021,0.6320466995239258,0.7584586901180282,0.8729619565217391
256,2,0.1,0.0001,1e-07,80,0.39873747417051175,0.6092102527618408,0.7687495178585204,0.8766498447204969
256,3,0.1,0.01,1e-05,1,0.768425194234807,0.821111798286438,0.5254879271773509,0.44439052795031053
256,3,0.1,0.01,1e-05,10,0.42954389839578744,0.642999529838562,0.7103679703772275,0.8472437888198758
256,3,0.1,0.01,1e-05,20,0.4099744170045356,0.5648474097251892,0.7433978760060684,0.8760675465838509
256,3,0.1,0.01,1e-05,30,0.3833623126852666,0.5674055218696594,0.7771992080022629,0.9009122670807453
256,3,0.1,0.01,1e-05,40,0.3698485965819391,0.3908884525299072,0.7941860166113811,0.9147903726708074
256,3,0.1,0.01,1e-05,50,0.3592745952815238,0.406269371509552,0.8127285350613282,0.9120729813664595
256,3,0.1,0.01,1e-05,60,0.4023829875987852,0.4206416606903076,0.7506107125408212,0.9119759316770186
256,3,0.1,0.01,1e-05,70,0.34820864297070436,0.3979513943195343,0.8241173596646867,0.905667701863354
256,3,0.1,0.01,1e-06,1,0.6927968062812166,1.1320886611938477,0.47988505747126436,0.4467197204968944
256,3,0.1,0.01,1e-06,10,0.44191927576562073,0.7446712255477905,0.6728895060299829,0.8449631211180123
256,3,0.1,0.01,1e-06,20,0.40364483817452523,0.6805108189582825,0.7715395098871146,0.8674301242236024
256,3,0.1,0.01,1e-06,30,0.41223503105630177,0.5538663268089294,0.7501941423024506,0.8930512422360248
256,3,0.1,0.01,1e-06,40,0.38638538789120574,0.607613742351532,0.7765666383810332,0.8854813664596274
256,3,0.1,0.01,1e-07,1,0.7393379526442359,0.7717775702476501,0.47383578904060275,0.32443711180124224
256,3,0.1,0.01,1e-07,10,0.43198959798918113,0.7003519535064697,0.7024737072179794,0.8491847826086957
256,3,0.1,0.01,1e-07,20,0.4016957293618025,0.6354994177818298,0.7659440973025791,0.8642274844720497
256,3,0.1,0.01,1e-07,30,0.38831123680442775,0.6964206099510193,0.7874103216847952,0.8755822981366459
256,3,0.1,0.01,1e-07,40,0.38767626859672516,0.4816164970397949,0.7759829257630693,0.9003299689440994
256,3,0.1,0.01,1e-07,50,0.36826565280638907,0.3924102783203125,0.800367713235105,0.9225543478260869
256,3,0.1,0.01,1e-07,60,0.32992276587711383,0.4037625193595886,0.843289876314639,0.9183812111801242
256,3,0.1,0.001,1e-05,1,0.5631278669592941,1.1424920558929443,0.508009977114351,0.37412655279503104
256,3,0.1,0.001,1e-05,10,0.44854757460182537,0.8226779699325562,0.7199490858597547,0.8664596273291925
256,3,0.1,0.001,1e-06,1,0.5370054251938639,0.9929865002632141,0.47863406104553985,0.4109083850931676
256,3,0.1,0.001,1e-06,10,0.4608989335290498,0.8930860161781311,0.6022538507032837,0.877523291925466
256,3,0.1,0.001,1e-06,20,0.40917133901252256,0.7361106276512146,0.7535292756306411,0.8661684782608695
256,3,0.1,0.001,1e-07,1,0.549470068924563,0.9551376104354858,0.4579084059759829,0.375582298136646
256,3,0.1,0.001,1e-07,10,0.449739842620238,0.8601358532905579,0.7023927074494072,0.8600543478260869
256,3,0.1,0.0001,1e-05,1,0.7007077590663473,0.6890315413475037,0.5268854946128725,0.5115489130434782
256,3,0.1,0.0001,1e-05,10,0.4681694215788277,0.8637152314186096,0.510002828563347,0.6373253105590062
256,3,0.1,0.0001,1e-05,20,0.4592035513652168,0.8621563911437988,0.681187482321479,0.8321040372670808
256,3,0.1,0.0001,1e-05,30,0.4478553984700208,0.7833893895149231,0.7070611226825065,0.8544254658385093
256,3,0.1,0.0001,1e-05,40,0.42544057756973,0.7082278728485107,0.7360166113811103,0.8646156832298137
256,3,0.1,0.0001,1e-05,50,0.4112937410757777,0.6485128998756409,0.7510902825991926,0.8707298136645961
256,3,0.1,0.0001,1e-05,60,0.4002426026753309,0.6207073926925659,0.7692689449458716,0.8781055900621119
256,3,0.1,0.0001,1e-05,70,0.39813931683760195,0.5972505211830139,0.7698218005091414,0.8823757763975155
256,3,0.1,0.0001,1e-05,80,0.3956253825704573,0.6010032892227173,0.7728329347630436,0.8843167701863354
256,3,0.1,0.0001,1e-06,1,0.6638638320910573,0.6906213760375977,0.4980997197150866,0.3026009316770186
256,3,0.1,0.0001,1e-06,10,0.4687910883211783,0.8749418258666992,0.4942734449330145,0.5336762422360248
256,3,0.1,0.0001,1e-06,20,0.46410090699654866,0.8700132369995117,0.5863316104811129,0.8486024844720496
256,3,0.1,0.0001,1e-06,30,0.4525689048536126,0.8536402583122253,0.6980688626603924,0.8516110248447205
256,3,0.1,0.0001,1e-06,40,0.4327683931000755,0.7540238499641418,0.728997917148808,0.8576281055900621
256,3,0.1,0.0001,1e-06,50,0.4158672815740364,0.6638550758361816,0.7439893028877059,0.8631599378881987
256,3,0.1,0.0001,1e-06,60,0.40579471277138124,0.6323140263557434,0.7593664018102805,0.8684006211180124
256,3,0.1,0.0001,1e-06,70,0.41080173756870153,0.6216611266136169,0.7616112525392785,0.8743206521739131
256,3,0.1,0.0001,1e-06,80,0.39628222889873893,0.5955849289894104,0.7691506595695441,0.8774262422360248
256,3,0.1,0.0001,1e-07,1,0.6860357441834918,0.6889929175376892,0.46653166705237986,0.4011063664596273
256,3,0.1,0.0001,1e-07,10,0.46772938813262743,0.8720176815986633,0.5147445293013448,0.5593944099378881
256,3,0.1,0.0001,1e-07,20,0.4625570887732842,0.8741182684898376,0.6222556506981408,0.8444293478260869
256,3,0.1,0.0001,1e-07,30,0.4527100333766949,0.8261595964431763,0.6997891434595901,0.8511257763975156
256,4,0.1,0.01,1e-05,1,1.000141400891824,0.7297113537788391,0.4741983594332587,0.28940217391304346
256,4,0.1,0.01,1e-05,10,0.4272222490598642,0.9105820655822754,0.7119339659029545,0.8586956521739132
256,4,0.1,0.01,1e-05,20,0.40811241466088355,0.6075814366340637,0.7485561469824372,0.8719914596273292
256,4,0.1,0.01,1e-05,30,0.4190136020092932,0.7585492730140686,0.7295636298182004,0.8731560559006211
256,4,0.1,0.01,1e-05,40,0.36710170194607145,0.47431445121765137,0.7933335904754557,0.9020768633540373
256,4,0.1,0.01,1e-05,50,0.35227718686195036,0.4785554111003876,0.814271387796035,0.9031444099378882
256,4,0.1,0.01,1e-05,60,0.35372896431268613,0.372499942779541,0.8002005708555118,0.8979037267080745
256,4,0.1,0.01,1e-06,1,0.9326414712947398,0.694225013256073,0.5193396590295456,0.34122670807453415
256,4,0.1,0.01,1e-06,10,0.45297991966338774,0.770924985408783,0.6462470107228264,0.8448175465838508
256,4,0.1,0.01,1e-06,20,0.4164911079706406,0.6872657537460327,0.7437835891897453,0.8641304347826086
256,4,0.1,0.01,1e-06,30,0.3973130464261474,0.5238935947418213,0.7609915400241715,0.8839285714285713
256,4,0.1,0.01,1e-06,40,0.38514624960871285,0.619514524936676,0.7806256267839234,0.8871312111801242
256,4,0.1,0.01,1e-06,50,0.3732318245582534,0.42775192856788635,0.777019208516547,0.8976125776397514
256,4,0.1,0.01,1e-06,60,0.3621988738884157,0.5515778660774231,0.7958651546709866,0.9034355590062112
256,4,0.1,0.01,1e-06,70,0.3425071637627539,0.4106273949146271,0.8315873383218906,0.9169254658385093
256,4,0.1,0.01,1e-06,80,0.36414583452196664,0.4799131453037262,0.8014219959371546,0.9255628881987578
256,4,0.1,0.01,1e-07,1,0.8925317829916771,0.7139371037483215,0.48903417418807377,0.29173136645962733
256,4,0.1,0.01,1e-07,10,0.428730561150721,0.986809253692627,0.7116356810409113,0.8470496894409939
256,4,0.1,0.01,1e-07,20,0.42821764560435754,0.8460253477096558,0.7151418138805319,0.8716032608695653
256,4,0.1,0.01,1e-07,30,0.38117930689594776,0.5257682204246521,0.7908945974440074,0.890430900621118
256,4,0.1,0.01,1e-07,40,0.3637720339507285,0.4444054365158081,0.8002571421224509,0.8970302795031057
256,4,0.1,0.01,1e-07,50,0.3837530119590128,0.5668876767158508,0.7635886754609273,0.9003299689440994
256,4,0.1,0.01,1e-07,60,0.3648052744380102,0.41857120394706726,0.7958960117256808,0.9028532608695653
256,4,0.1,0.01,1e-07,70,0.3480312541392155,0.4804225564002991,0.8120985368613234,0.9023680124223603
256,4,0.1,0.01,1e-07,80,0.3605129353880224,0.3973807990550995,0.803553704132274,0.9030473602484471
256,4,0.1,0.001,1e-05,1,0.5637878117058484,1.001838207244873,0.46782380621769654,0.37800854037267084
256,4,0.1,0.001,1e-05,10,0.4446139588888111,0.7916823625564575,0.6939571601223996,0.8613159937888198
256,4,0.1,0.001,1e-05,20,0.4099046973126714,0.6701555252075195,0.7450770140656741,0.8737383540372672
256,4,0.1,0.001,1e-05,30,0.39053538154780976,0.7691547870635986,0.7728175062356966,0.8821816770186336
256,4,0.1,0.001,1e-05,40,0.37045376575629013,0.41835349798202515,0.7903327419064516,0.8963509316770185
256,4,0.1,0.001,1e-05,50,0.36372724292396696,0.6068000197410583,0.8081231196482296,0.9003299689440994
256,4,0.1,0.001,1e-05,60,0.3358444295581465,0.4631783068180084,0.8356193268019234,0.9075116459627328
256,4,0.1,0.001,1e-06,1,0.5340550157425961,0.9239301681518555,0.4984082902620278,0.48301630434782605
256,4,0.1,0.001,1e-06,10,0.4292908017800528,0.6776654720306396,0.7242433593046876,0.8560753105590063
256,4,0.1,0.001,1e-06,20,0.40061206248623693,0.6985903978347778,0.7636246753580704,0.8783967391304347
256,4,0.1,0.001,1e-06,30,0.397758469305325,0.5669845342636108,0.7659672400935997,0.8924689440993789
256,4,0.1,0.001,1e-06,40,0.37492545958606105,0.6091192364692688,0.7934403044562729,0.8958656832298135
256,4,0.1,0.001,1e-06,50,0.3533449193621471,0.4588029980659485,0.816799094859729,0.9096467391304346
256,4,0.1,0.001,1e-06,60,0.3806116410115977,0.5012823343276978,0.7754892128879634,0.905376552795031
256,4,0.1,0.001,1e-06,70,0.3567447281921663,0.42424988746643066,0.8180025199928,0.9100349378881988
256,4,0.1,0.001,1e-07,1,0.540473680438475,1.296144962310791,0.5508807117693949,0.4135287267080745
256,4,0.1,0.001,1e-07,10,0.4585280893113553,0.8974905610084534,0.6521998508575689,0.8619953416149067
256,4,0.1,0.001,1e-07,20,0.4066021240868501,0.6235368847846985,0.757687263750675,0.8611218944099379
256,4,0.1,0.001,1e-07,30,0.4145685419723492,0.5965523719787598,0.7371416081668338,0.8914984472049688
256,4,0.1,0.001,1e-07,40,0.3768434600183965,0.5927815437316895,0.7934737329321917,0.8858695652173912
256,4,0.1,0.001,1e-07,50,0.35917856582171487,0.39623719453811646,0.8104335416184526,0.9053765527950309
256,4,0.1,0.001,1e-07,60,0.35908349454951094,0.4157194197177887,0.8120342513307104,0.9055706521739131
256,4,0.1,0.001,1e-07,70,0.33805144958741673,0.37805747985839844,0.8326904780272056,0.9117818322981366
256,4,0.1,0.0001,1e-05,1,0.6865145340424823,0.6895086765289307,0.5085975468641519,0.3177406832298137
256,4,0.1,0.0001,1e-05,10,0.4687677838917819,0.8673332333564758,0.4949741572166937,0.5635675465838509
256,4,0.1,0.0001,1e-05,20,0.46389029999586207,0.8441843390464783,0.5968474375787497,0.8651979813664596
256,4,0.1,0.0001,1e-05,30,0.44937100591723866,0.7976124882698059,0.7105325413355961,0.8601513975155279
256,4,0.1,0.0001,1e-06,1,0.6480513879084865,0.6894649267196655,0.5002391421738795,0.42226319875776397
256,4,0.1,0.0001,1e-06,10,0.46868200418336636,0.8624719381332397,0.5080228342204736,0.6223796583850932
256,4,0.1,0.0001,1e-06,20,0.4598092260096133,0.8530799150466919,0.6663452390136029,0.84277950310559
256,4,0.1,0.0001,1e-07,1,0.6858778472037348,0.6883636116981506,0.48507032837049036,0.4553571428571428
256,4,0.1,0.0001,1e-07,10,0.46682238500224965,0.8695858120918274,0.541335596184011,0.608210403726708
256,4,0.1,0.0001,1e-07,20,0.4613050413709122,0.86077880859375,0.644749157859549,0.8729619565217391
256,4,0.1,0.0001,1e-07,30,0.44490034014881935,0.771543025970459,0.7126346781866337,0.8599572981366459
256,5,0.1,0.01,1e-05,1,1.108706828350673,0.6884797215461731,0.5072012651392426,0.42177795031055904
256,5,0.1,0.01,1e-05,10,0.4289459568236519,0.8366997838020325,0.7087132608192548,0.844041149068323
256,5,0.1,0.01,1e-06,1,1.0508003874763545,0.7357568740844727,0.50839697600864,0.38781055900621114
256,5,0.1,0.01,1e-06,10,0.4325330357548651,0.7575938105583191,0.7169842371878937,0.844817546583851
256,5,0.1,0.01,1e-06,20,0.42185143078491777,0.7662163376808167,0.726112782534907,0.8773291925465839
256,5,0.1,0.01,1e-06,30,0.43921531843744416,0.6330137252807617,0.6827174779500631,0.8815993788819876
256,5,0.1,0.01,1e-06,40,0.38939712125782877,0.5099443793296814,0.7557779834914757,0.8932453416149069
256,5,0.1,0.01,1e-06,50,0.3679186970561944,0.44232887029647827,0.8051274139216744,0.9016886645962733
256,5,0.1,0.01,1e-06,60,0.3783532320576018,0.4282279312610626,0.7741649309573402,0.8982919254658385
256,5,0.1,0.01,1e-07,1,1.2317513289954456,0.6891579031944275,0.5067718377947492,0.3280279503105591
256,5,0.1,0.01,1e-07,10,0.42779377256340223,0.7889401316642761,0.7204607986834324,0.8511257763975155
256,5,0.1,0.001,1e-05,1,0.5399050545027327,0.9631651043891907,0.5064902671706653,0.47748447204968947
256,5,0.1,0.001,1e-05,10,0.42890134905102356,0.7777635455131531,0.7128493918588804,0.8553959627329192
256,5,0.1,0.001,1e-05,20,0.40791821395744216,0.7306783199310303,0.7578724060788398,0.8726708074534161
256,5,0.1,0.001,1e-05,30,0.3704332995824036,0.47890764474868774,0.7919193088019749,0.890139751552795
256,5,0.1,0.001,1e-05,40,0.36435562891144463,0.5767481327056885,0.790883026048497,0.9048913043478262
256,5,0.1,0.001,1e-05,50,0.3604812802967303,0.6064566969871521,0.8035177042351307,0.8971273291925466
256,5,0.1,0.001,1e-06,1,0.5605936846727246,0.973679780960083,0.4968474375787498,0.4576863354037267
256,5,0.1,0.001,1e-06,10,0.4545910276751223,0.783912181854248,0.6681490910025971,0.8646156832298136
256,5,0.1,0.001,1e-06,20,0.4095467279141553,0.6531421542167664,0.7510375684640902,0.8622864906832298
256,5,0.1,0.001,1e-07,1,0.5664949916316863,1.079634666442871,0.509106688266605,0.4857336956521739
256,5,0.1,0.001,1e-07,10,0.44848372297079414,0.7463197708129883,0.6567075522641364,0.8618012422360248
256,5,0.1,0.0001,1e-05,1,0.6524212716328885,0.6882402896881104,0.5159145259584972,0.5779309006211181
256,5,0.1,0.0001,1e-05,10,0.46680822405692335,0.8909742832183838,0.5343194733729332,0.7138975155279503
256,5,0.1,0.0001,1e-05,20,0.4599626735812093,0.8478881120681763,0.6763943531589909,0.8644215838509317
256,5,0.1,0.0001,1e-05,30,0.4393305955197751,0.7181487679481506,0.713844531872766,0.8609277950310558
256,5,0.1,0.0001,1e-06,1,0.6794645913461467,0.689405083656311,0.4795340584741187,0.28891692546583847
256,5,0.1,0.0001,1e-06,10,0.4684209238159956,0.8864306807518005,0.5039947028722775,0.595302795031056
256,5,0.1,0.0001,1e-06,20,0.45978532569822106,0.8529406785964966,0.669824371930366,0.8619953416149068
256,5,0.1,0.0001,1e-06,30,0.4359366929216812,0.7481193542480469,0.7246059296973437,0.8532608695652174
256,5,0.1,0.0001,1e-07,1,0.6558863291486066,0.688881516456604,0.49053974131502487,0.45865683229813664
256,5,0.1,0.0001,1e-07,10,0.4674950976593958,0.8847609758377075,0.5214855100413999,0.657705745341615
256,5,0.1,0.0001,1e-07,20,0.4604051770570452,0.8704428672790527,0.649440715883669,0.8639363354037267
256,5,0.1,0.0001,1e-07,30,0.4377363077670354,0.7615143060684204,0.732657049551287,0.859666149068323
