hidden_channels,num_layers,dropout,learning_rate,weight_decay,best_val_auc,best_epoch,test_auc_at_best
64,2,0.1,0.01,1e-05,0.8668478260869565,4,0.6478466133538876
64,2,0.1,0.01,1e-06,0.859957298136646,6,0.6426437999807303
64,2,0.1,0.01,1e-07,0.8689829192546584,3,0.6534348203102418
64,2,0.1,0.001,1e-05,0.8670419254658385,16,0.6405241352731477
64,2,0.1,0.001,1e-06,0.8888781055900621,77,0.6568070141632143
64,2,0.1,0.001,1e-07,0.8835403726708073,57,0.6422584063975336
64,2,0.1,0.0001,1e-05,0.41867236024844723,7,0.5072743038828402
64,2,0.1,0.0001,1e-06,0.6238354037267081,3,0.520859427690529
64,2,0.1,0.0001,1e-07,0.8684006211180124,80,0.6310819924848252
64,3,0.1,0.01,1e-05,0.8573369565217391,5,0.639271606127758
64,3,0.1,0.01,1e-06,0.8761645962732919,4,0.6412949224395413
64,3,0.1,0.01,1e-07,0.8737383540372671,4,0.6429328451681281
64,3,0.1,0.001,1e-05,0.8720885093167702,19,0.6268426630696599
64,3,0.1,0.001,1e-06,0.8684006211180125,10,0.6177859138645342
64,3,0.1,0.001,1e-07,0.873641304347826,10,0.6331053087966086
64,3,0.1,0.0001,1e-05,0.8485054347826086,80,0.6177859138645342
64,3,0.1,0.0001,1e-06,0.5006793478260869,1,0.4760574236438963
64,3,0.1,0.0001,1e-07,0.8482142857142857,58,0.6357067154831872
64,4,0.1,0.01,1e-05,0.8542313664596274,7,0.6234704692166875
64,4,0.1,0.01,1e-06,0.8707298136645962,4,0.6461123422295019
64,4,0.1,0.01,1e-07,0.9180900621118011,66,0.6744387705944695
64,4,0.1,0.001,1e-05,0.8785908385093169,13,0.6345505347335967
64,4,0.1,0.001,1e-06,0.8708268633540374,16,0.638404470565565
64,4,0.1,0.001,1e-07,0.9017857142857143,79,0.6644185374313517
64,4,0.1,0.0001,1e-05,0.4151300465838509,1,0.5364678678100009
64,4,0.1,0.0001,1e-06,0.7607239906832297,3,0.5908083630407555
64,4,0.1,0.0001,1e-07,0.8684976708074534,68,0.6332016571924077
64,5,0.1,0.01,1e-05,0.8687888198757764,4,0.6148954619905579
64,5,0.1,0.01,1e-06,0.873253105590062,6,0.6490027941034782
64,5,0.1,0.01,1e-07,0.8626746894409938,6,0.6303593795163309
64,5,0.1,0.001,1e-05,0.8716032608695652,15,0.6196165333847191
64,5,0.1,0.001,1e-06,0.9029503105590061,78,0.6547836978514308
64,5,0.1,0.001,1e-07,0.906152950310559,78,0.6739570286154736
64,5,0.1,0.0001,1e-05,0.7912461180124223,1,0.5963002216013104
64,5,0.1,0.0001,1e-06,0.62597049689441,1,0.5196068985451392
64,5,0.1,0.0001,1e-07,0.3186141304347826,1,0.48771557953560074
128,2,0.1,0.01,1e-05,0.9189635093167701,69,0.6945755853165044
128,2,0.1,0.01,1e-06,0.9113936335403726,63,0.6818575970710088
128,2,0.1,0.01,1e-07,0.8623835403726708,4,0.627806147027652
128,2,0.1,0.001,1e-05,0.8997476708074534,73,0.6738606802196743
128,2,0.1,0.001,1e-06,0.9012034161490682,75,0.6749205125734656
128,2,0.1,0.001,1e-07,0.873447204968944,9,0.6378263801907698
128,2,0.1,0.0001,1e-05,0.873835403726708,41,0.624626649966278
128,2,0.1,0.0001,1e-06,0.8626746894409937,80,0.6127757972829752
128,2,0.1,0.0001,1e-07,0.8783967391304348,36,0.6279024954234511
128,3,0.1,0.01,1e-05,0.9201281055900621,72,0.6895654687349456
128,3,0.1,0.01,1e-06,0.8807259316770187,3,0.6523749879564504
128,3,0.1,0.01,1e-07,0.9175077639751554,42,0.6536275171018403
128,3,0.1,0.001,1e-05,0.9145962732919254,70,0.6689469120339145
128,3,0.1,0.001,1e-06,0.9022709627329193,80,0.6825320358416032
128,3,0.1,0.001,1e-07,0.8709239130434783,7,0.6387898641487619
128,3,0.1,0.0001,1e-05,0.8853843167701863,31,0.6350322767125927
128,3,0.1,0.0001,1e-06,0.8662655279503106,80,0.6162443395317468
128,3,0.1,0.0001,1e-07,0.860830745341615,34,0.6291550245688409
128,4,0.1,0.01,1e-05,0.9176048136645962,69,0.68050871952982
128,4,0.1,0.01,1e-06,0.921389751552795,70,0.6811831583004142
128,4,0.1,0.01,1e-07,0.9084821428571428,51,0.6706811831583005
128,4,0.1,0.001,1e-05,0.8739324534161491,8,0.6298294633394355
128,4,0.1,0.001,1e-06,0.9173136645962732,80,0.6779073128432411
128,4,0.1,0.001,1e-07,0.9117818322981366,51,0.6849407457365835
128,4,0.1,0.0001,1e-05,0.5034937888198758,1,0.5463917525773196
128,4,0.1,0.0001,1e-06,0.8806288819875777,25,0.6377300317949706
128,4,0.1,0.0001,1e-07,0.8636451863354037,80,0.6225069852586955
128,5,0.1,0.01,1e-05,0.9313858695652173,71,0.6817612486752096
128,5,0.1,0.01,1e-06,0.9083850931677019,55,0.6585412852875999
128,5,0.1,0.01,1e-07,0.904988354037267,57,0.6891800751517487
128,5,0.1,0.001,1e-05,0.8716032608695652,9,0.6273244050486559
128,5,0.1,0.001,1e-06,0.9270186335403726,79,0.650833413623663
128,5,0.1,0.001,1e-07,0.9229425465838509,63,0.6678870796801232
128,5,0.1,0.0001,1e-05,0.41081133540372666,1,0.4367472781578186
128,5,0.1,0.0001,1e-06,0.8783967391304348,31,0.6268426630696599
128,5,0.1,0.0001,1e-07,0.8692740683229814,36,0.6359957606705849
256,2,0.1,0.01,1e-05,0.9073175465838509,56,0.6925522690047211
256,2,0.1,0.01,1e-06,0.9133346273291926,60,0.6836882165911937
256,2,0.1,0.01,1e-07,0.9050854037267081,44,0.6783890548222371
256,2,0.1,0.001,1e-05,0.9081909937888198,71,0.6760766933230562
256,2,0.1,0.001,1e-06,0.8781055900621118,6,0.6425474515849312
256,2,0.1,0.001,1e-07,0.8973214285714285,56,0.6538202138934386
256,2,0.1,0.0001,1e-05,0.8456909937888198,23,0.6064168031602274
256,2,0.1,0.0001,1e-06,0.8667507763975154,23,0.6229887272376915
256,2,0.1,0.0001,1e-07,0.8766498447204969,79,0.6340687927546006
256,3,0.1,0.01,1e-05,0.9280861801242237,58,0.6655747181809423
256,3,0.1,0.01,1e-06,0.8930512422360248,30,0.6960208112534926
256,3,0.1,0.01,1e-07,0.9225543478260869,50,0.6812795066962135
256,3,0.1,0.001,1e-05,0.8751940993788819,6,0.645726948646305
256,3,0.1,0.001,1e-06,0.8801436335403726,9,0.6379227285865691
256,3,0.1,0.001,1e-07,0.8653920807453416,7,0.6292513729646401
256,3,0.1,0.0001,1e-05,0.8844138198757763,79,0.6476539165622892
256,3,0.1,0.0001,1e-06,0.8774262422360248,80,0.6264572694864631
256,3,0.1,0.0001,1e-07,0.8546195652173914,23,0.6109451777627902
256,4,0.1,0.01,1e-05,0.9036296583850931,53,0.6869640620483669
256,4,0.1,0.01,1e-06,0.9255628881987578,80,0.6962135080450911
256,4,0.1,0.01,1e-07,0.9109083850931677,79,0.6854224877155796
256,4,0.1,0.001,1e-05,0.9128493788819876,55,0.6729935446574815
256,4,0.1,0.001,1e-06,0.9252717391304348,58,0.6638404470565565
256,4,0.1,0.001,1e-07,0.9222631987577639,67,0.6821466422584063
256,4,0.1,0.0001,1e-05,0.8666537267080745,21,0.6223142884670969
256,4,0.1,0.0001,1e-06,0.8503493788819876,17,0.6206763657385105
256,4,0.1,0.0001,1e-07,0.8773291925465838,18,0.6297331149436363
256,5,0.1,0.01,1e-05,0.858307453416149,4,0.6471721745832932
256,5,0.1,0.01,1e-06,0.9060559006211181,51,0.6794488871760285
256,5,0.1,0.01,1e-07,0.8580163043478262,6,0.61219770690818
256,5,0.1,0.001,1e-05,0.9168284161490682,45,0.6497735812698717
256,5,0.1,0.001,1e-06,0.8657802795031057,8,0.6276134502360536
256,5,0.1,0.001,1e-07,0.8691770186335404,6,0.6363811542537816
256,5,0.1,0.0001,1e-05,0.8644215838509317,20,0.6226996820502938
256,5,0.1,0.0001,1e-06,0.8698563664596274,18,0.6343578379419983
256,5,0.1,0.0001,1e-07,0.8658773291925466,21,0.6235668176124867
