LLM_Prediction,GNN_Initial,Actual_Label,error_llm
0.8082830309867859,0.6165660619735718,0.0,0.8082830309867859
0.885095404139903,0.719024121761322,0.0,0.885095404139903
0.8426595330238342,0.6853190660476685,0.0,0.8426595330238342
0.8829983761785142,0.9608827233314514,1.0,-0.11700162382148582
0.9923440159524305,0.9795480966567993,1.0,-0.0076559840475695085
0.6685999999999999,0.5721907615661621,0.0,0.6685999999999999
0.41595253348350525,0.41595253348350525,1.0,-0.5840474665164948
0.9592058956623077,0.9184117913246155,1.0,-0.04079410433769226
0.8933062553405762,0.7866125106811523,1.0,-0.10669374465942383
0.8163999999999999,0.7682378888130188,1.0,-0.1836000000000001
0.9491637218661589,0.8836357593536377,1.0,-0.05083627813384106
0.8762189999987205,0.9233195185661316,1.0,-0.12378100000127945
0.7148247978436658,0.6090649366378784,1.0,-0.2851752021563342
0.8085868116937192,0.789182722568512,0.0,0.8085868116937192
0.4973999999999999,0.7674500346183777,0.0,0.4973999999999999
0.7132108105143259,0.6373360753059387,1.0,-0.2867891894856741
1.0,0.9371196627616882,1.0,0.0
0.9667172729969025,0.9334345459938049,1.0,-0.033282727003097534
0.6813624054193497,0.36272481083869934,0.0,0.6813624054193497
0.886321397755582,0.8066326975822449,1.0,-0.11367860224441795
0.9666708409786224,0.9333416819572449,1.0,-0.033329159021377563
0.834387808738339,0.8877629637718201,1.0,-0.16561219126166105
0.9553023332572845,0.8887028098106384,1.0,-0.04469766674271547
1.0,0.8398705124855042,1.0,0.0
0.7551946997337194,0.8823009729385376,0.0,0.7551946997337194
0.6884691058834206,0.8035732507705688,0.0,0.6884691058834206
0.6832067422449044,0.7931389808654785,0.0,0.6832067422449044
0.6586349147480804,0.7438932061195374,0.0,0.6586349147480804
0.9906929433345795,0.9813858866691589,1.0,-0.009307056665420532
0.932388424873352,0.8647768497467041,1.0,-0.06761157512664795
0.7258237728589664,0.8365946412086487,1.0,-0.2741762271410336
0.94139579,0.7687891721725464,0.0,0.94139579
0.6286481454091913,0.653987467288971,0.0,0.6286481454091913
0.9371899664402008,0.8743799328804016,1.0,-0.0628100335597992
0.8368640708357121,0.8789868354797363,0.0,0.8368640708357121
0.9639798402786255,0.927959680557251,1.0,-0.03602015972137451
0.8078154485170672,0.525111973285675,0.0,0.8078154485170672
0.7170924586777524,0.3603460490703583,0.0,0.7170924586777524
0.9719018340110779,0.9438036680221558,1.0,-0.02809816598892212
0.6741434520604659,0.7457358837127686,1.0,-0.3258565479395341
1.0,0.4514787197113037,0.0,1.0
0.9282704293727875,0.856540858745575,1.0,-0.07172957062721252
0.8638548329833742,0.6890866160392761,1.0,-0.13614516701662582
0.9409400383634458,0.830342710018158,1.0,-0.05905996163655425
0.9249517091225503,0.8267885446548462,1.0,-0.07504829087744969
0.9497081637382507,0.8994163274765015,1.0,-0.05029183626174927
0.876450074021814,0.933521032333374,1.0,-0.12354992597818604
0.8780450256044078,0.9500868916511536,1.0,-0.12195497439559222
0.9717737569916596,0.9081518054008484,1.0,-0.028226243008340424
0.4685139716751913,0.7627124786376953,0.0,0.4685139716751913
0.9991551041603088,0.9983102083206177,1.0,-0.0008448958396911621
0.7281735964037473,0.6862307190895081,1.0,-0.27182640359625265
0.8111886562695038,0.9772561192512512,1.0,-0.18881134373049624
0.7676402879839263,0.9558194279670715,1.0,-0.23235971201607375
0.970726760545704,0.8767834305763245,1.0,-0.02927323945429605
0.9441908299922943,0.8883816599845886,1.0,-0.05580917000770569
0.931828111410141,0.863656222820282,1.0,-0.06817188858985901
0.47125672254451484,0.773908793926239,0.0,0.47125672254451484
0.699087760031585,0.7153294086456299,1.0,-0.300912239968415
0.6006145787239076,0.7612291574478149,0.0,0.6006145787239076
0.8172778487205505,0.6345556974411011,0.0,0.8172778487205505
0.5707247555567956,0.3540842831134796,0.0,0.5707247555567956
0.7736079502105713,0.7747159004211426,0.0,0.7736079502105713
0.6962253426878802,0.9024564623832703,0.0,0.6962253426878802
0.7579359400285427,0.7645067572593689,0.0,0.7579359400285427
0.8371436250903619,0.8736258745193481,1.0,-0.1628563749096381
0.8566369325479714,0.9143233895301819,1.0,-0.14336306745202865
0.9124422967433929,0.8248845934867859,1.0,-0.08755770325660706
0.9403054118156433,0.8806108236312866,1.0,-0.05969458818435669
0.6838372496458202,0.8753668069839478,1.0,-0.31616275035417984
0.7352878214802395,0.8816758394241333,0.0,0.7352878214802395
0.781090319260217,0.7454994916915894,0.0,0.781090319260217
0.8487561047077179,0.6975122094154358,0.0,0.8487561047077179
0.8139682093442603,0.8784568905830383,0.0,0.8139682093442603
0.6963317010131033,0.7934772372245789,0.0,0.6963317010131033
0.5456969269237059,0.48261758685112,0.0,0.5456969269237059
0.4450628168628987,0.800753653049469,0.0,0.4450628168628987
0.9907475411891937,0.9814950823783875,1.0,-0.009252458810806274
0.7366171479225159,0.7366171479225159,1.0,-0.26338285207748413
0.4984120135675899,0.14968346059322357,0.0,0.4984120135675899
0.6532832235097885,0.306566447019577,0.0,0.6532832235097885
0.48378580454466996,0.5972817540168762,0.0,0.48378580454466996
0.12183237075805664,0.24366474151611328,0.0,0.12183237075805664
0.8009190460563673,0.7063553929328918,1.0,-0.19908095394363268
0.4601903760671615,0.3065807521343231,1.0,-0.5398096239328385
0.9337010681629181,0.8674021363258362,0.0,0.9337010681629181
0.5336685410775585,0.27079588174819946,1.0,-0.46633145892244154
0.24895877208747855,0.2827753722667694,1.0,-0.7510412279125215
0.4376650355929164,0.9040138721466064,1.0,-0.5623349644070836
0.9522395638999165,0.8277139067649841,1.0,-0.047760436100083514
0.9591015875339508,0.9182031750679016,0.0,0.9591015875339508
1.0,0.8270544409751892,0.0,1.0
0.824826922899299,0.8416953682899475,0.0,0.824826922899299
0.8616179015619635,0.70400071144104,0.0,0.8616179015619635
0.6952859383725553,0.565519392490387,0.0,0.6952859383725553
0.6381268203258514,0.2762536406517029,1.0,-0.36187317967414856
0.21533592986433128,0.2382376492023468,0.0,0.21533592986433128
0.7641246628496025,0.7163814902305603,1.0,-0.23587533715039755
0.8486312329769135,0.6972624659538269,1.0,-0.15136876702308655
0.9521278440952301,0.9042556881904602,1.0,-0.0478721559047699
0.966481550383623,0.924851655960083,1.0,-0.033518449616376955
0.965461015701294,0.965461015701294,1.0,-0.034538984298706055
0.7170007307058887,0.8495298624038696,0.0,0.7170007307058887
0.6668490367669326,0.7682052850723267,0.0,0.6668490367669326
0.8025212564425697,0.7340577840805054,1.0,-0.19747874355743034
0.719872333437117,0.7359323501586914,1.0,-0.280127666562883
0.2703491151332855,0.2703491151332855,1.0,-0.7296508848667145
0.58414,0.5262368321418762,0.0,0.58414
0.9854065775871277,0.9708131551742554,1.0,-0.014593422412872314
0.3591395009986999,0.5965624451637268,0.0,0.3591395009986999
0.5819009545702324,0.49036112427711487,0.0,0.5819009545702324
0.8280191431099005,0.8218110799789429,0.0,0.8280191431099005
0.6325243284651046,0.31455063819885254,0.0,0.6325243284651046
0.805418618824601,0.8005070090293884,1.0,-0.19458138117539903
1.0,0.2318693995475769,1.0,0.0
0.36163026094436646,0.36163026094436646,1.0,-0.6383697390556335
0.54236715,0.896350085735321,0.0,0.54236715
0.8171672422742213,0.5315824747085571,0.0,0.8171672422742213
0.6479275385249745,0.7125823497772217,0.0,0.6479275385249745
0.5124744345766926,0.20820678770542145,0.0,0.5124744345766926
0.9233396064300221,0.8179115653038025,0.0,0.9233396064300221
0.8875645399093628,0.7751290798187256,0.0,0.8875645399093628
0.9645723402500153,0.9291446805000305,1.0,-0.03542765974998474
0.8831455707550049,0.7662911415100098,0.0,0.8831455707550049
0.9835289231895842,0.9637306928634644,0.0,0.9835289231895842
0.6426545530557632,0.2853091061115265,1.0,-0.35734544694423676
0.47381283667446644,0.3387051820755005,0.0,0.47381283667446644
0.9485938847064972,0.8971877694129944,0.0,0.9485938847064972
0.74123914539814,0.4824782907962799,1.0,-0.25876085460186005
0.8037175779325147,0.9807964563369751,1.0,-0.19628242206748525
0.5609295468391834,0.3148663640022278,0.0,0.5609295468391834
0.3541707698261607,0.5127233862876892,0.0,0.3541707698261607
0.4746424647646788,0.23529532551765442,0.0,0.4746424647646788
0.2893470227718353,0.5786940455436707,0.0,0.2893470227718353
1.0,0.8998473286628723,0.0,1.0
0.6357952434695112,0.32366999983787537,0.0,0.6357952434695112
0.8579043875406266,0.5948854088783264,1.0,-0.1420956124593734
0.9425200609930029,0.9232627153396606,1.0,-0.057479939006997105
0.12020060420036316,0.24040120840072632,0.0,0.12020060420036316
0.9706645988698894,0.9018435478210449,1.0,-0.029335401130110572
0.8955744206905365,0.791148841381073,1.0,-0.1044255793094635
0.8813275579635128,0.94208824634552,1.0,-0.11867244203648719
0.535229230457246,0.44830721616744995,0.0,0.535229230457246
0.9476891756057739,0.8953783512115479,0.0,0.9476891756057739
0.6917128604900985,0.7164815068244934,0.0,0.6917128604900985
0.8603301699629884,0.9502650499343872,0.0,0.8603301699629884
0.41961236367810445,0.4359346330165863,0.0,0.41961236367810445
0.10717274248600006,0.21434548497200012,0.0,0.10717274248600006
0.9609288275241852,0.9218576550483704,0.0,0.9609288275241852
0.8727277219295502,0.7454554438591003,1.0,-0.12727227807044983
0.6581292,0.4585190713405609,1.0,-0.34187080000000003
0.8274790645566092,0.6647918224334717,1.0,-0.17252093544339075
0.9711980336699189,0.8903021216392517,0.0,0.9711980336699189
0.8332818779842985,0.864723265171051,0.0,0.8332818779842985
0.347,0.982272744178772,0.0,0.347
0.8810432114542587,0.738394021987915,0.0,0.8810432114542587
0.9317364649322729,0.8198525309562683,0.0,0.9317364649322729
0.2935835123062134,0.5871670246124268,1.0,-0.7064164876937866
0.7793374508702976,0.3916368782520294,1.0,-0.2206625491297024
0.9850848913192749,0.9701697826385498,1.0,-0.014915108680725098
0.6082079018475646,0.3574327528476715,0.0,0.6082079018475646
0.0,0.1721431314945221,1.0,-1.0
0.8021475617868086,0.9776564240455627,1.0,-0.19785243821319143
0.9489195644855499,0.8978391289710999,1.0,-0.05108043551445007
0.9559715986251831,0.9119431972503662,1.0,-0.044028401374816895
0.9404662251472473,0.8809324502944946,1.0,-0.059533774852752686
0.7725812736341724,0.9322057366371155,0.0,0.7725812736341724
0.542443,0.692607045173645,0.0,0.542443
0.1787745617664546,0.5566858053207397,0.0,0.1787745617664546
0.4167028695309593,0.23352429270744324,1.0,-0.5832971304690406
0.6980875228415855,0.5949491262435913,0.0,0.6980875228415855
0.9965836703777313,0.9931673407554626,1.0,-0.0034163296222686768
1.0,0.1881740689277649,0.0,1.0
0.8453540262122285,0.8070627450942993,0.0,0.8453540262122285
0.9524784684181213,0.9049569368362427,0.0,0.9524784684181213
0.7004563267345092,0.6970083713531494,0.0,0.7004563267345092
0.49133937629227786,0.6734004020690918,0.0,0.49133937629227786
0.21318016090844805,0.2366124838590622,0.0,0.21318016090844805
0.7090806411346421,0.40399715304374695,1.0,-0.2909193588653579
0.3295443539281955,0.24520237743854523,0.0,0.3295443539281955
0.8668705917652025,0.9623003602027893,1.0,-0.13312940823479746
0.952928751707077,0.905857503414154,1.0,-0.047071248292922974
0.9168729782104492,0.8337459564208984,1.0,-0.08312702178955078
0.652994366942242,0.44264060258865356,0.0,0.652994366942242
0.6531206550661369,0.6650950312614441,0.0,0.6531206550661369
0.45645767671540743,0.48795613646507263,0.0,0.45645767671540743
0.7637697993544578,0.7314468026161194,0.0,0.7637697993544578
0.19321987187083586,0.19198612868785858,1.0,-0.8067801281291641
0.5190121909927117,0.5683595538139343,0.0,0.5190121909927117
0.77169965,0.8940054774284363,1.0,-0.22830035000000004
0.9576641321182251,0.9153282642364502,1.0,-0.0423358678817749
0.4701153184991484,0.6619616746902466,1.0,-0.5298846815008516
0.6686078678874192,0.8780033588409424,1.0,-0.3313921321125808
0.8598904440239228,0.8908754587173462,1.0,-0.14010955597607722
0.6629773031751861,0.5224182605743408,1.0,-0.3370226968248139
0.7872096433552034,0.7689146995544434,0.0,0.7872096433552034
0.1049794619695666,0.2407856434583664,1.0,-0.8950205380304334
0.984500430967776,0.9514143466949463,1.0,-0.015499569032224048
0.929812878370285,0.8596257567405701,1.0,-0.07018712162971497
0.7383170748664433,0.6730009317398071,1.0,-0.26168292513355673
0.7896341242136004,0.7759979367256165,1.0,-0.21036587578639965
0.9646133066519927,0.9212999939918518,1.0,-0.03538669334800726
0.10800000000000001,0.39815473556518555,1.0,-0.892
0.2423659494,0.24608120322227478,1.0,-0.7576340506
